{
  "vdw": 181.42628208105077,
  "electrostatic": 2621.9461094944418,
  "solvation": -322.57236217045494,
  "total": 2741.087328786872
}